[
{"marque": "Infinix"},
{"marque": "XIAOMI"},
{"marque": "Evertek"},
{"marque": "Smart"},
{"marque": "Apple"},
{"marque": "Oppo"},
{"marque": "Inkax"},
{"marque": "Tecno"},
{"marque": "smartec"},
{"marque": "Iku"},
{"marque": "Redmi"},
{"marque": "Itel"},
{"marque": "Samsung"},
{"marque": "Nokia"},
{"marque": "Oukitel"},
{"marque": "Lenovo"},
{"marque": "Schneider"},
{"marque": "Benco"},
{"marque": "Ila"},
{"marque": "Huawei"},
{"marque": "Organisateurs"},
{"marque": "iPlus"},
{"marque": "Afficheur"},
{"marque": "Logicom"},
{"marque": "One"},
{"marque": "Vivo"},
{"marque": "Techno"},
{"marque": "I-PLUS"},
{"marque": "OnePlus"},
{"marque": "Oale"},
{"marque": "TCL"},
{"marque": "Aiphone"}

]